add_author,2026-05-24T14:40:13
add_book,2026-05-24T14:40:13
add_reader,2026-05-24T14:40:13
list_books,2026-05-24T14:40:13
find_book_by_id,2026-05-24T14:40:13
update_book,2026-05-24T14:40:13
borrow_book,2026-05-24T14:40:13
return_book,2026-05-24T14:40:13
report_active_loans,2026-05-24T14:40:13
delete_reader,2026-05-24T14:40:13
add_author,2026-05-24T14:52:30
add_book,2026-05-24T14:52:30
add_reader,2026-05-24T14:52:30
list_books,2026-05-24T14:52:30
find_book_by_id,2026-05-24T14:52:30
update_book,2026-05-24T14:52:30
borrow_book,2026-05-24T14:52:30
return_book,2026-05-24T14:52:30
report_active_loans,2026-05-24T14:52:30
delete_reader,2026-05-24T14:52:30
add_author,2026-05-24T14:52:53
add_book,2026-05-24T14:52:53
add_reader,2026-05-24T14:52:53
list_books,2026-05-24T14:52:53
find_book_by_id,2026-05-24T14:52:53
update_book,2026-05-24T14:52:53
borrow_book,2026-05-24T14:52:53
return_book,2026-05-24T14:52:53
report_active_loans,2026-05-24T14:52:53
delete_reader,2026-05-24T14:52:53
add_author,2026-05-24T14:53:38
add_book,2026-05-24T14:53:38
add_reader,2026-05-24T14:53:38
list_books,2026-05-24T14:53:38
find_book_by_id,2026-05-24T14:53:38
update_book,2026-05-24T14:53:38
borrow_book,2026-05-24T14:53:38
return_book,2026-05-24T14:53:38
report_active_loans,2026-05-24T14:53:38
delete_reader,2026-05-24T14:53:38
